Workbook

Sheet Personal Stats
A1: AGL | B1: ATT | C1: CON | D1: COOK | E1: CRAFT | F1: DEF | G1: FARM | H1: FM | I1: FISH | J1: FLETCH | K1: HERB | L1: HUNT | M1: MAGE | N1: MINING | O1: PRAY | P1: RANGE | Q1: RC | R1: SAIL | S1: SLAY | T1: SMITH | U1: STR | V1: THEIF | W1: WC | X1: Quest Points | Y1: Combat
A2: 45 | B2: 60 | C2: 52 | D2: 66 | E2: 50 | F2: 70 | G2: 52 | H2: 66 | I2: 62 | J2: 52 | K2: 54 | L2: 42 | M2: 67 | N2: 51 | O2: 70 | P2: 75 | Q2: 23 | R2: 48 | S2: 47 | T2: 53 | U2: 70 | V2: 54 | W2: 60 | X2: 191 | Y2: 86
A13: 5 | B13: Animal Magnetism | E13: Animal Magnetism | F13: =IFERROR(ADDRESS(MATCH(E13, $B$13:$B$24, 0) + 12, COLUMN(B1)), "Not Found") -> $B$13
A14: 6 | B14: Another Slice of H.A.M. | E14: Another Slice of H.A.M. | F14: =IFERROR(ADDRESS(MATCH(E14, $B$13:$B$24, 0) + 12, COLUMN(B2)), "Not Found") -> $B$14
A15: 7 | B15: Between a Rock… | E15: Between a Rock… | F15: =IFERROR(ADDRESS(MATCH(E15, $B$13:$B$24, 0) + 12, COLUMN(B3)), "Not Found") -> $B$15
A16: 8 | B16: Big Chompy Bird Hunting | E16: Big Chompy Bird Hunting | F16: =IFERROR(ADDRESS(MATCH(E16, $B$13:$B$24, 0) + 12, COLUMN(B4)), "Not Found") -> $B$16
A17: 9 | B17: Biohazard | E17: Biohazard | F17: =IFERROR(ADDRESS(MATCH(E17, $B$13:$B$24, 0) + 12, COLUMN(B5)), "Not Found") -> $B$17
A18: 10 | B18: Black Knight's Fortress | E18: Black Knight's Fortress | F18: =IFERROR(ADDRESS(MATCH(E18, $B$13:$B$24, 0) + 12, COLUMN(B6)), "Not Found") -> $B$18
A19: 11 | B19: Cabin Fever | E19: Cabin Fever | F19: =IFERROR(ADDRESS(MATCH(E19, $B$13:$B$24, 0) + 12, COLUMN(B7)), "Not Found") -> $B$19
A20: 12 | B20: Clock Tower | E20: Clock Tower | F20: =IFERROR(ADDRESS(MATCH(E20, $B$13:$B$24, 0) + 12, COLUMN(B8)), "Not Found") -> $B$20
A21: 13 | B21: Cold War | E21: Cold War | F21: =IFERROR(ADDRESS(MATCH(E21, $B$13:$B$24, 0) + 12, COLUMN(B9)), "Not Found") -> $B$21
A22: 14 | B22: Contact! | E22: Contact! | F22: =IFERROR(ADDRESS(MATCH(E22, $B$13:$B$24, 0) + 12, COLUMN(B10)), "Not Found") -> $B$22
A23: 15 | B23: Cook's Assistant | E23: Cook's Assistant | F23: =IFERROR(ADDRESS(MATCH(E23, $B$13:$B$24, 0) + 12, COLUMN(B11)), "Not Found") -> $B$23
A24: 16 | B24: Creature of Fenkenstrain | E24: Creature of Fenkenstrain | F24: =IFERROR(ADDRESS(MATCH(E24, $B$13:$B$24, 0) + 12, COLUMN(B12)), "Not Found") -> $B$24
A25: 17 | B25: Darkness of Hallowvale
A26: 18 | B26: Death Plateau
A27: 19 | B27: Death to the Dorgeshuun
A28: 20 | B28: Demon Slayer
A29: 21 | B29: Desert Treasure
A30: 22 | B30: Devious Minds
A31: 23 | B31: Digsite, The
A32: 24 | B32: Doric's Quest
A33: 25 | B33: Dragon Slayer
A34: 26 | B34: Dream Mentor
A35: 27 | B35: Druidic Ritual
A36: 28 | B36: Dwarf Cannon
... A188: 180 | B188: Troubled Tortugans

Sheet Normal Runescape Quest Guide
F1: Agil | G1: Att | H1: Con | I1: Cook | J1: Craft | K1: Def | L1: Farm | M1: FM | N1: Fish | O1: Fletch | P1: Herb | Q1: Hunt | R1: Magic | S1: Mine | T1: Pray | U1: Range | V1: RC | W1: Sailing | X1: Slay | Y1: Smith | Z1: Str | AA1: Thieve | AB1: WC | AC1: QP | AD1: Combat | AE1: Levels Needed
F2: ='Personal Stats'!A2 -> 45 | G2: ='Personal Stats'!B2 -> 60 | H2: ='Personal Stats'!C2 -> 52 | I2: ='Personal Stats'!D2 -> 66 | J2: ='Personal Stats'!E2 -> 50 | K2: ='Personal Stats'!F2 -> 70 | L2: ='Personal Stats'!G2 -> 52 | M2: ='Personal Stats'!H2 -> 66 | ... AD2: ='Personal Stats'!Y2 -> 86
A4: Quest | B4: Available? | C4: Complete? | D4: Pre-Req? | E4: Stats? | F4: Agil | G4: Att | H4: Con | I4: Cook | J4: Craft | K4: Def | L4: Farm | M4: FM | N4: Fish | O4: Fletch | P4: Herb | Q4: Hunt | R4: Magic | S4: Mine | T4: Pray | U4: Range | V4: RC | W4: Sailing | X4: Slay | Y4: Smith | Z4: Str | AA4: Thieve | AB4: WC | AC4: QP | AD4: Combat
A5: Animal Magnetism | B5: =AND(D5=TRUE(),E5=TRUE()) -> TRUE | C5: Y | D5: =TRUE() -> TRUE | E5: =SUMPRODUCT((F5:AD5 <> "") * (F5:AD5 < F$2:AD$2)) = 4 -> TRUE | J5: 19 | U5: 30 | X5: 18 | AB5: 35 | AE5: =SUMPRODUCT((F5:AA5 - $F$2:$AA$2) * ((F5:AA5 - $F$2:$AA$2) > 0)) -> 0 | AJ5: Animal Magnetism | AK5: =IFERROR(ADDRESS(MATCH(AJ5, $A$5:$A$180, 0) + 4, COLUMN(A1)), "Not Found") -> $A$5
A6: Another Slice of H.A.M. | B6: =AND(D6=TRUE(),E6=TRUE()) -> FALSE | C6: N | D6: =AND(INDEX(C:C, MATCH("Death to the Dorgeshuun", AJ:AJ, 0)) = "Y",INDEX(C:C, MATCH("Giant Dwarf, The", AJ:AJ, 0)) = "Y",INDEX(C:C, MATCH("Digsite, The", AJ:AJ, 0)) = "Y") -> FALSE | E6: =SUMPRODUCT((F6:AD6 <> "") * (F6:AD6 < F$2:AD$2)) = 2 -> TRUE | G6: 15 | T6: 25 | AE6: =SUMPRODUCT((F6:AA6 - $F$2:$AA$2) * ((F6:AA6 - $F$2:$AA$2) > 0)) -> 0 | AJ6: Another Slice of H.A.M. | AK6: =IFERROR(ADDRESS(MATCH(AJ6, $A$5:$A$180, 0) + 4, COLUMN(A2)), "Not Found") -> $A$6
A7: Between a Rock… | B7: =AND(D7=TRUE(),E7=TRUE()) -> TRUE | C7: Y | D7: =AND(INDEX(C:C, MATCH("Dwarf Cannon", AJ:AJ, 0)) = "Y",INDEX(C:C, MATCH("Fishing Contest", AJ:AJ, 0)) = "Y") -> TRUE | E7: =SUMPRODUCT((F7:AD7 <> "") * (F7:AD7 < F$2:AD$2)) = 3 -> TRUE | K7: 30 | S7: 40 | Y7: 50 | AE7: =SUMPRODUCT((F7:AA7 - $F$2:$AA$2) * ((F7:AA7 - $F$2:$AA$2) > 0)) -> 0 | AJ7: Between a Rock… | AK7: =IFERROR(ADDRESS(MATCH(AJ7, $A$5:$A$180, 0) + 4, COLUMN(A3)), "Not Found") -> $A$7
A8: Big Chompy Bird Hunting | B8: =AND(D8=TRUE(),E8=TRUE()) -> FALSE | C8: Y | D8: =TRUE() -> TRUE | E8: =SUMPRODUCT((F8:AD8 <> "") * (F8:AD8 < F$2:AD$2)) = 4 -> 0 | I8: 30 | O8: 5 | U8: 30 | AE8: =SUMPRODUCT((F8:AA8 - $F$2:$AA$2) * ((F8:AA8 - $F$2:$AA$2) > 0)) -> 0 | AJ8: Big Chompy Bird Hunting | AK8: =IFERROR(ADDRESS(MATCH(AJ8, $A$5:$A$180, 0) + 4, COLUMN(A4)), "Not Found") -> $A$8
A9: Black Knight's Fortress | B9: =AND(D9=TRUE(),E9=TRUE()) -> TRUE | C9: Y | D9: =AND(INDEX(C:C, MATCH("Plague City", AJ:AJ, 0)) = "Y") -> TRUE | E9: =SUMPRODUCT((F9:AD9 <> "") * (F9:AD9 < F$2:AD$2)) = 1 -> TRUE | R9: 33 | AE9: =SUMPRODUCT((F9:AA9 - $F$2:$AA$2) * ((F9:AA9 - $F$2:$AA$2) > 0)) -> 0 | AJ9: Black Knight's Fortress | AK9: =IFERROR(ADDRESS(MATCH(AJ9, $A$5:$A$180, 0) + 4, COLUMN(A5)), "Not Found") -> $A$9
A10: Black Knight's Fortress | B10: =AND(D10=TRUE(),E10=TRUE()) -> TRUE | C10: Y | D10: =TRUE() -> TRUE | E10: =SUMPRODUCT((F10:AD10 <> "") * (F10:AD10 < F$2:AD$2)) = 0 -> TRUE | AE10: =SUMPRODUCT((F10:AA10 - $F$2:$AA$2) * ((F10:AA10 - $F$2:$AA$2) > 0)) -> 0 | AJ10: Black Knight's Fortress | AK10: =IFERROR(ADDRESS(MATCH(AJ10, $A$5:$A$180, 0) + 4, COLUMN(A6)), "Not Found") -> $A$9
A11: Cabin Fever | B11: =AND(D11=TRUE(),E11=TRUE()) -> TRUE | C11: Y | D11: =AND(INDEX(C:C, MATCH("Pirate's Treasure", AJ:AJ, 0)) = "Y", INDEX(C:C, MATCH("Rum Deal", AJ:AJ, 0)) = "Y") -> TRUE | E11: =SUMPRODUCT((F11:AD11 <> "") * (F11:AD11 < F$2:AD$2)) = 4 -> 1 | F11: 42 | J11: 45 | U11: 40 | Y11: 50 | AE11: =SUMPRODUCT((F11:AA11 - $F$2:$AA$2) * ((F11:AA11 - $F$2:$AA$2) > 0)) -> 0 | AJ11: Cabin Fever | AK11: =IFERROR(ADDRESS(MATCH(AJ11, $A$5:$A$180, 0) + 4, COLUMN(A7)), "Not Found") -> $A$11
A12: Clock Tower | B12: =AND(D12=TRUE(),E12=TRUE()) -> TRUE | C12: Y | D12: =TRUE() -> TRUE | E12: =SUMPRODUCT((F12:AD12 <> "") * (F12:AD12 < F$2:AD$2)) = 0 -> TRUE | AE12: =SUMPRODUCT((F12:AA12 - $F$2:$AA$2) * ((F12:AA12 - $F$2:$AA$2) > 0)) -> 0 | AJ12: Clock Tower | AK12: =IFERROR(ADDRESS(MATCH(AJ12, $A$5:$A$180, 0) + 4, COLUMN(A8)), "Not Found") -> $A$12
A13: Cold War | B13: =AND(D13=TRUE(),E13=TRUE()) -> TRUE | C13: N | D13: =TRUE() -> TRUE | E13: =SUMPRODUCT((F13:AD13 <> "") * (F13:AD13 < F$2:AD$2)) = 4 -> 1 | F13: 30 | H13: 34 | J13: 30 | Q13: 10 | AE13: =SUMPRODUCT((F13:AA13 - $F$2:$AA$2) * ((F13:AA13 - $F$2:$AA$2) > 0)) -> 0 | AJ13: Cold War | AK13: =IFERROR(ADDRESS(MATCH(AJ13, $A$5:$A$180, 0) + 4, COLUMN(A9)), "Not Found") -> $A$13
A14: Contact! | B14: =AND(D14=TRUE(),E14=TRUE()) -> TRUE | C14: N | D14: =AND(INDEX(C:C, MATCH("Prince Ali Rescue", AJ:AJ, 0)) = "Y",INDEX(C:C, MATCH("Gertrude's Cat", AJ:AJ, 0)) = "Y",INDEX(C:C, MATCH("Icthlarin's Little Helper", AJ:AJ, 0)) = "Y") -> TRUE | E14: =SUMPRODUCT((F14:AD14 <> "") * (F14:AD14 < F$2:AD$2)) = 0 -> TRUE | AE14: =SUMPRODUCT((F14:AA14 - $F$2:$AA$2) * ((F14:AA14 - $F$2:$AA$2) > 0)) -> 0 | AJ14: Contact! | AK14: =IFERROR(ADDRESS(MATCH(AJ14, $A$5:$A$180, 0) + 4, COLUMN(A10)), "Not Found") -> $A$14
A15: Cook's Assistant | B15: =AND(D15=TRUE(),E15=TRUE()) -> TRUE | C15: Y | D15: =TRUE() -> TRUE | E15: =SUMPRODUCT((F15:AD15 <> "") * (F15:AD15 < F$2:AD$2)) = 0 -> TRUE | AE15: =SUMPRODUCT((F15:AA15 - $F$2:$AA$2) * ((F15:AA15 - $F$2:$AA$2) > 0)) -> 0 | AJ15: Cook's Assistant | AK15: =IFERROR(ADDRESS(MATCH(AJ15, $A$5:$A$180, 0) + 4, COLUMN(A11)), "Not Found") -> $A$15
A16: Creature of Fenkenstrain | B16: =AND(D16=TRUE(),E16=TRUE()) -> FALSE | C16: Y | D16: =TRUE() -> TRUE | E16: =SUMPRODUCT((F16:AD16 <> "") * (F16:AD16 < F$2:AD$2)) = 1 -> FALSE | J16: 20 | AA16: 25 | AE16: =SUMPRODUCT((F16:AA16 - $F$2:$AA$2) * ((F16:AA16 - $F$2:$AA$2) > 0)) -> 0 | AJ16: Creature of Fenkenstrain | AK16: =IFERROR(ADDRESS(MATCH(AJ16, $A$5:$A$180, 0) + 4, COLUMN(A12)), "Not Found") -> $A$16
A17: Darkness of Hallowvale | B17: =AND(D17=TRUE(),E17=TRUE()) -> FALSE | C17: N | D17: =AND(INDEX(C:C, MATCH("In Aid of the Myreque", AJ:AJ, 0)) = "Y") -> FALSE | E17: =SUMPRODUCT((F17:AD17 <> "") * (F17:AD17 < F$2:AD$2)) = 7 -> TRUE | F17: 26 | H17: 5 | J17: 32 | R17: 33 | S17: 20 | Z17: 40 | AA17: 22 | AE17: =SUMPRODUCT((F17:AA17 - $F$2:$AA$2) * ((F17:AA17 - $F$2:$AA$2) > 0)) -> 0 | AJ17: Darkness of Hallowvale | AK17: =IFERROR(ADDRESS(MATCH(AJ17, $A$5:$A$180, 0) + 4, COLUMN(A13)), "Not Found") -> $A$17
A18: Death Plateau | B18: =AND(D18=TRUE(),E18=TRUE()) -> TRUE | C18: Y | D18: =TRUE() -> TRUE | E18: =SUMPRODUCT((F18:AD18 <> "") * (F18:AD18 < F$2:AD$2)) = 0 -> TRUE | AE18: =SUMPRODUCT((F18:AA18 - $F$2:$AA$2) * ((F18:AA18 - $F$2:$AA$2) > 0)) -> 0 | AJ18: Death Plateau | AK18: =IFERROR(ADDRESS(MATCH(AJ18, $A$5:$A$180, 0) + 4, COLUMN(A14)), "Not Found") -> $A$18
A19: Death to the Dorgeshuun | B19: =AND(D19=TRUE(),E19=TRUE()) -> FALSE | C19: N | D19: =AND(INDEX(C:C, MATCH("Lost Tribe, The" , AJ:AJ, 0)) = "Y") -> FALSE | E19: =SUMPRODUCT((F19:AD19 <> "") * (F19:AD19 < F$2:AD$2)) = 2 -> TRUE | F19: 23 | AA19: 23 | AE19: =SUMPRODUCT((F19:AA19 - $F$2:$AA$2) * ((F19:AA19 - $F$2:$AA$2) > 0)) -> 0 | AJ19: Death to the Dorgeshuun | AK19: =IFERROR(ADDRESS(MATCH(AJ19, $A$5:$A$180, 0) + 4, COLUMN(A15)), "Not Found") -> $A$19
A20: Demon Slayer | B20: =AND(D20=TRUE(),E20=TRUE()) -> TRUE | C20: Y | D20: =TRUE() -> TRUE | E20: =SUMPRODUCT((F20:AD20 <> "") * (F20:AD20 < F$2:AD$2)) = 0 -> TRUE | AE20: =SUMPRODUCT((F20:AA20 - $F$2:$AA$2) * ((F20:AA20 - $F$2:$AA$2) > 0)) -> 0 | AJ20: Demon Slayer | AK20: =IFERROR(ADDRESS(MATCH(AJ20, $A$5:$A$180, 0) + 4, COLUMN(A16)), "Not Found") -> $A$20
A21: Desert Treasure | B21: =AND(D21=TRUE(),E21=TRUE()) -> TRUE | C21: Y | D21: =TRUE() -> TRUE | E21: =SUMPRODUCT((F21:AD21 <> "") * (F21:AD21 < F$2:AD$2)) = 4 -> 1 | M21: 50 | R21: 50 | X21: 10 | AA21: 53 | AE21: =SUMPRODUCT((F21:AA21 - $F$2:$AA$2) * ((F21:AA21 - $F$2:$AA$2) > 0)) -> 0 | AJ21: Desert Treasure | AK21: =IFERROR(ADDRESS(MATCH(AJ21, $A$5:$A$180, 0) + 4, COLUMN(A17)), "Not Found") -> $A$21
A22: Devious Minds | B22: =AND(D22=TRUE(),E22=TRUE()) -> FALSE | C22: N | D22: =AND(INDEX(C:C, MATCH("Wanted!", AJ:AJ, 0)) = "Y",INDEX(C:C, MATCH("Troll Stronghold", AJ:AJ, 0)) = "Y",INDEX(C:C, MATCH("Doric's Quest", AJ:AJ, 0)) = "Y",INDEX(C:C, MATCH("Wanted!", AJ:AJ, 0)) = "Y",INDEX(C:C, MATCH("Recruitment Drive", AJ:AJ, 0)) = "Y") -> FALSE | E22: =SUMPRODUCT((F22:AD22 <> "") * (F22:AD22 < F$2:AD$2)) = 3 -> FALSE | O22: 50 | V22: 50 | Y22: 65 | AE22: =SUMPRODUCT((F22:AA22 - $F$2:$AA$2) * ((F22:AA22 - $F$2:$AA$2) > 0)) -> 39 | AJ22: Devious Minds | AK22: =IFERROR(ADDRESS(MATCH(AJ22, $A$5:$A$180, 0) + 4, COLUMN(A18)), "Not Found") -> $A$22
A23: Digsite, The | B23: =AND(D23=TRUE(),E23=TRUE()) -> TRUE | C23: Y | D23: =TRUE() -> TRUE | E23: =SUMPRODUCT((F23:AD23 <> "") * (F23:AD23 < F$2:AD$2)) = 3 -> TRUE | F23: 10 | P23: 10 | AA23: 25 | AE23: =SUMPRODUCT((F23:AA23 - $F$2:$AA$2) * ((F23:AA23 - $F$2:$AA$2) > 0)) -> 0 | AJ23: Digsite, The | AK23: =IFERROR(ADDRESS(MATCH(AJ23, $A$5:$A$180, 0) + 4, COLUMN(A19)), "Not Found") -> $A$23
A24: Doric's Quest | B24: =AND(D24=TRUE(),E24=TRUE()) -> TRUE | C24: Y | D24: =TRUE() -> TRUE | E24: =SUMPRODUCT((F24:AD24 <> "") * (F24:AD24 < F$2:AD$2)) = 1 -> TRUE | S24: 15 | AE24: =SUMPRODUCT((F24:AA24 - $F$2:$AA$2) * ((F24:AA24 - $F$2:$AA$2) > 0)) -> 0 | AJ24: Doric's Quest | AK24: =IFERROR(ADDRESS(MATCH(AJ24, $A$5:$A$180, 0) + 4, COLUMN(A20)), "Not Found") -> $A$24
A25: Dragon Slayer | B25: =AND(D25=TRUE(),E25=TRUE()) -> TRUE | C25: Y | D25: =TRUE() -> TRUE | E25: =SUMPRODUCT((F25:AD25 <> "") * (F25:AD25 < F$2:AD$2)) = 2 -> TRUE | R25: 33 | AC25: 32 | AE25: =SUMPRODUCT((F25:AA25 - $F$2:$AA$2) * ((F25:AA25 - $F$2:$AA$2) > 0)) -> 0 | AJ25: Dragon Slayer | AK25: =IFERROR(ADDRESS(MATCH(AJ25, $A$5:$A$180, 0) + 4, COLUMN(A21)), "Not Found") -> $A$25
A26: Dream Mentor | B26: =AND(D26=TRUE(),E26=TRUE()) -> FALSE | C26: N | D26: =AND(INDEX(C:C, MATCH("Lunar Diplomacy", AJ:AJ, 0)) = "Y",INDEX(C:C, MATCH("Eadgar's Ruse", AJ:AJ, 0)) = "Y") -> FALSE | E26: =SUMPRODUCT((F26:AD26 <> "") * (F26:AD26 < F$2:AD$2)) = 1 -> TRUE | AD26: 85 | AE26: =SUMPRODUCT((F26:AA26 - $F$2:$AA$2) * ((F26:AA26 - $F$2:$AA$2) > 0)) -> 0 | AJ26: Dream Mentor | AK26: =IFERROR(ADDRESS(MATCH(AJ26, $A$5:$A$180, 0) + 4, COLUMN(A22)), "Not Found") -> $A$26
A27: Druidic Ritual | B27: =AND(D27=TRUE(),E27=TRUE()) -> TRUE | C27: Y | D27: =TRUE() -> TRUE | E27: =SUMPRODUCT((F27:AD27 <> "") * (F27:AD27 < F$2:AD$2)) = 0 -> TRUE | AE27: =SUMPRODUCT((F27:AA27 - $F$2:$AA$2) * ((F27:AA27 - $F$2:$AA$2) > 0)) -> 0 | AJ27: Druidic Ritual | AK27: =IFERROR(ADDRESS(MATCH(AJ27, $A$5:$A$180, 0) + 4, COLUMN(A23)), "Not Found") -> $A$27
A28: Dwarf Cannon | B28: =AND(D28=TRUE(),E28=TRUE()) -> TRUE | C28: Y | D28: =TRUE() -> TRUE | E28: =SUMPRODUCT((F28:AD28 <> "") * (F28:AD28 < F$2:AD$2)) = 1 -> TRUE | F28: 20 | AE28: =SUMPRODUCT((F28:AA28 - $F$2:$AA$2) * ((F28:AA28 - $F$2:$AA$2) > 0)) -> 0 | AJ28: Dwarf Cannon | AK28: =IFERROR(ADDRESS(MATCH(AJ28, $A$5:$A$180, 0) + 4, COLUMN(A24)), "Not Found") -> $A$28
A29: Eadgar's Ruse | B29: =AND(D29=TRUE(),E29=TRUE()) -> TRUE | C29: N | D29: =AND(INDEX(C:C, MATCH("Druidic Ritual", AJ:AJ, 0)) = "Y",INDEX(C:C, MATCH("Troll Stronghold", AJ:AJ, 0)) = "Y") -> TRUE | E29: =SUMPRODUCT((F29:AD29 <> "") * (F29:AD29 < F$2:AD$2)) = 2 -> TRUE | F29: 43 | P29: 31 | AE29: =SUMPRODUCT((F29:AA29 - $F$2:$AA$2) * ((F29:AA29 - $F$2:$AA$2) > 0)) -> 0 | AJ29: Eadgar's Ruse | AK29: =IFERROR(ADDRESS(MATCH(AJ29, $A$5:$A$180, 0) + 4, COLUMN(A25)), "Not Found") -> $A$29
A30: Eagles' Peak | B30: =AND(D30=TRUE(),E30=TRUE()) -> TRUE | C30: Y | D30: =TRUE() -> TRUE | E30: =SUMPRODUCT((F30:AD30 <> "") * (F30:AD30 < F$2:AD$2)) = 1 -> TRUE | Q30: 27 | AE30: =SUMPRODUCT((F30:AA30 - $F$2:$AA$2) * ((F30:AA30 - $F$2:$AA$2) > 0)) -> 0 | AJ30: Eagles' Peak | AK30: =IFERROR(ADDRESS(MATCH(AJ30, $A$5:$A$180, 0) + 4, COLUMN(A26)), "Not Found") -> $A$30
A31: Elemental Workshop I | B31: =AND(D31=TRUE(),E31=TRUE()) -> TRUE | C31: Y | D31: =TRUE() -> TRUE | E31: =SUMPRODUCT((F31:AD31 <> "") * (F31:AD31 < F$2:AD$2)) = 3 -> TRUE | J31: 20 | S31: 20 | Y31: 20 | AE31: =SUMPRODUCT((F31:AA31 - $F$2:$AA$2) * ((F31:AA31 - $F$2:$AA$2) > 0)) -> 0 | AJ31: Elemental Workshop I | AK31: =IFERROR(ADDRESS(MATCH(AJ31, $A$5:$A$180, 0) + 4, COLUMN(A27)), "Not Found") -> $A$31
A32: Elemental Workshop II | B32: =AND(D32=TRUE(),E32=TRUE()) -> TRUE | C32: Y | D32: =AND(INDEX(C:C, MATCH("Elemental Workshop I", AJ:AJ, 0)) = "Y") -> TRUE | E32: =SUMPRODUCT((F32:AD32 <> "") * (F32:AD32 < F$2:AD$2)) = 2 -> TRUE | R32: 20 | Y32: 30 | AE32: =SUMPRODUCT((F32:AA32 - $F$2:$AA$2) * ((F32:AA32 - $F$2:$AA$2) > 0)) -> 0 | AJ32: Elemental Workshop II | AK32: =IFERROR(ADDRESS(MATCH(AJ32, $A$5:$A$180, 0) + 4, COLUMN(A28)), "Not Found") -> $A$32
A33: Enakhra's Lament | B33: =AND(D33=TRUE(),E33=TRUE()) -> TRUE | C33: N | D33: =TRUE() -> TRUE | E33: =SUMPRODUCT((F33:AD33 <> "") * (F33:AD33 <= F$2:AD$2)) = 4 -> TRUE | J33: 50 | M33: 45 | R33: 39 | T33: 43 | AE33: =SUMPRODUCT((F33:AA33 - $F$2:$AA$2) * ((F33:AA33 - $F$2:$AA$2) > 0)) -> 0 | AJ33: Enakhra's Lament | AK33: =IFERROR(ADDRESS(MATCH(AJ33, $A$5:$A$180, 0) + 4, COLUMN(A29)), "Not Found") -> $A$33
A34: Enlightened Journey | B34: =AND(D34=TRUE(),E34=TRUE()) -> TRUE | C34: Y | D34: =TRUE() -> TRUE | E34: =SUMPRODUCT((F34:AD34 <> "") * (F34:AD34 <= F$2:AD$2)) = 4 -> 1 | J34: 36 | L34: 30 | M34: 20 | AC34: 20 | AE34: =SUMPRODUCT((F34:AA34 - $F$2:$AA$2) * ((F34:AA34 - $F$2:$AA$2) > 0)) -> 0 | AJ34: Enlightened Journey | AK34: =IFERROR(ADDRESS(MATCH(AJ34, $A$5:$A$180, 0) + 4, COLUMN(A30)), "Not Found") -> $A$34
A35: Ernest the Chicken | B35: =AND(D35=TRUE(),E35=TRUE()) -> TRUE | C35: Y | D35: =TRUE() -> TRUE | E35: =SUMPRODUCT((F35:AD35 <> "") * (F35:AD35 <= F$2:AD$2)) = 0 -> TRUE | AE35: =SUMPRODUCT((F35:AA35 - $F$2:$AA$2) * ((F35:AA35 - $F$2:$AA$2) > 0)) -> 0 | AJ35: Ernest the Chicken | AK35: =IFERROR(ADDRESS(MATCH(AJ35, $A$5:$A$180, 0) + 4, COLUMN(A31)), "Not Found") -> $A$35
A36: Eyes of Glouphrie, The | B36: =AND(D36=TRUE(),E36=TRUE()) -> TRUE | C36: N | D36: =AND(INDEX(C:C, MATCH("Grand Tree, The", AJ:AJ, 0)) = "Y") -> TRUE | E36: =SUMPRODUCT((F36:AD36 <> "") * (F36:AD36 <= F$2:AD$2)) = 2 -> TRUE | H36: 5 | R36: 46 | AE36: =SUMPRODUCT((F36:AA36 - $F$2:$AA$2) * ((F36:AA36 - $F$2:$AA$2) > 0)) -> 0 | AJ36: Eyes of Glouphrie, The | AK36: =IFERROR(ADDRESS(MATCH(AJ36, $A$5:$A$180, 0) + 4, COLUMN(A32)), "Not Found") -> $A$36
A37: Fairytale I | B37: =AND(D37=TRUE(),E37=TRUE()) -> TRUE | C37: Y | D37: =AND(INDEX(C:C, MATCH("Lost City", AJ:AJ, 0)) = "Y",INDEX(C:C, MATCH("Nature Spirit", AJ:AJ, 0)) = "Y") -> TRUE | E37: =SUMPRODUCT((F37:AD37 <> "") * (F37:AD37 <= F$2:AD$2)) = 0 -> TRUE | AE37: =SUMPRODUCT((F37:AA37 - $F$2:$AA$2) * ((F37:AA37 - $F$2:$AA$2) > 0)) -> 0 | AJ37: Fairytale I | AK37: =IFERROR(ADDRESS(MATCH(AJ37, $A$5:$A$180, 0) + 4, COLUMN(A33)), "Not Found") -> $A$37
A38: Fairytale II | B38: =AND(D38=TRUE(),E38=TRUE()) -> FALSE | C38: N | D38: =AND(INDEX(C:C, MATCH("Fairytale I", AJ:AJ, 0)) = "Y") -> TRUE | E38: =SUMPRODUCT((F38:AD38 <> "") * (F38:AD38 <= F$2:AD$2)) = 3 -> FALSE | L38: 49 | P38: 57 | AA38: 40 | AE38: =SUMPRODUCT((F38:AA38 - $F$2:$AA$2) * ((F38:AA38 - $F$2:$AA$2) > 0)) -> 3 | AJ38: Fairytale II | AK38: =IFERROR(ADDRESS(MATCH(AJ38, $A$5:$A$180, 0) + 4, COLUMN(A34)), "Not Found") -> $A$38
A39: Family Crest | B39: =AND(D39=TRUE(),E39=TRUE()) -> TRUE | C39: Y | D39: =TRUE() -> TRUE | E39: =SUMPRODUCT((F39:AD39 <> "") * (F39:AD39 <= F$2:AD$2)) = 4 -> 1 | J39: 40 | R39: 59 | S39: 40 | Y39: 40 | AE39: =SUMPRODUCT((F39:AA39 - $F$2:$AA$2) * ((F39:AA39 - $F$2:$AA$2) > 0)) -> 0 | AJ39: Family Crest | AK39: =IFERROR(ADDRESS(MATCH(AJ39, $A$5:$A$180, 0) + 4, COLUMN(A35)), "Not Found") -> $A$39
A40: Feud, The | B40: =AND(D40=TRUE(),E40=TRUE()) -> TRUE | C40: Y | D40: =TRUE() -> TRUE | E40: =SUMPRODUCT((F40:AD40 <> "") * (F40:AD40 <= F$2:AD$2)) = 1 -> TRUE | AA40: 30 | AE40: =SUMPRODUCT((F40:AA40 - $F$2:$AA$2) * ((F40:AA40 - $F$2:$AA$2) > 0)) -> 0 | AJ40: Feud, The | AK40: =IFERROR(ADDRESS(MATCH(AJ40, $A$5:$A$180, 0) + 4, COLUMN(A36)), "Not Found") -> $A$40
A41: Fight Arena | B41: =AND(D41=TRUE(),E41=TRUE()) -> TRUE | C41: Y | D41: =TRUE() -> TRUE | E41: =SUMPRODUCT((F41:AD41 <> "") * (F41:AD41 <= F$2:AD$2)) = 0 -> TRUE | AE41: =SUMPRODUCT((F41:AA41 - $F$2:$AA$2) * ((F41:AA41 - $F$2:$AA$2) > 0)) -> 0 | AJ41: Fight Arena | AK41: =IFERROR(ADDRESS(MATCH(AJ41, $A$5:$A$180, 0) + 4, COLUMN(A37)), "Not Found") -> $A$41
A42: Fishing Contest | B42: =AND(D42=TRUE(),E42=TRUE()) -> TRUE | C42: Y | D42: =TRUE() -> TRUE | E42: =SUMPRODUCT((F42:AD42 <> "") * (F42:AD42 <= F$2:AD$2)) = 1 -> TRUE | N42: 10 | AE42: =SUMPRODUCT((F42:AA42 - $F$2:$AA$2) * ((F42:AA42 - $F$2:$AA$2) > 0)) -> 0 | AJ42: Fishing Contest | AK42: =IFERROR(ADDRESS(MATCH(AJ42, $A$5:$A$180, 0) + 4, COLUMN(A38)), "Not Found") -> $A$42
A43: Forgettable Tale of a Drunken Dwarf | B43: =AND(D43=TRUE(),E43=TRUE()) -> FALSE | C43: N | D43: =AND(INDEX(C:C, MATCH("Giant Dwarf, The", AJ:AJ, 0)) = "Y",INDEX(C:C, MATCH("Fishing Contest", AJ:AJ, 0)) = "Y") -> FALSE | E43: =SUMPRODUCT((F43:AD43 <> "") * (F43:AD43 <= F$2:AD$2)) = 2 -> TRUE | I43: 22 | L43: 17 | AE43: =SUMPRODUCT((F43:AA43 - $F$2:$AA$2) * ((F43:AA43 - $F$2:$AA$2) > 0)) -> 0 | AJ43: Forgettable Tale of a Drunken Dwarf | AK43: =IFERROR(ADDRESS(MATCH(AJ43, $A$5:$A$180, 0) + 4, COLUMN(A39)), "Not Found") -> $A$43
A44: Fremennik Isles, The | B44: =AND(D44=TRUE(),E44=TRUE()) -> TRUE | C44: N | D44: =AND(INDEX(C:C, MATCH("Fremennik Trials, The", AJ:AJ, 0)) = "Y") -> TRUE | E44: =SUMPRODUCT((F44:AD44 <> "") * (F44:AD44 <= F$2:AD$2)) = 4 -> 1 | F44: 40 | H44: 20 | J44: 46 | AB44: 56 | AE44: =SUMPRODUCT((F44:AA44 - $F$2:$AA$2) * ((F44:AA44 - $F$2:$AA$2) > 0)) -> 0 | AJ44: Fremennik Isles, The | AK44: =IFERROR(ADDRESS(MATCH(AJ44, $A$5:$A$180, 0) + 4, COLUMN(A40)), "Not Found") -> $A$44
A45: Fremennik Trials, The | B45: =TRUE() -> TRUE | C45: Y | D45: =TRUE() -> TRUE | E45: =SUMPRODUCT((F45:AD45 <> "") * (F45:AD45 <= F$2:AD$2)) = 3 -> TRUE | J45: 40 | O45: 25 | AB45: 40 | AE45: =SUMPRODUCT((F45:AA45 - $F$2:$AA$2) * ((F45:AA45 - $F$2:$AA$2) > 0)) -> 0 | AJ45: Fremennik Trials, The | AK45: =IFERROR(ADDRESS(MATCH(AJ45, $A$5:$A$180, 0) + 4, COLUMN(A41)), "Not Found") -> $A$45
A46: Garden of Tranquillity | B46: =AND(D46=TRUE(),E46=TRUE()) -> TRUE | C46: N | D46: =AND(INDEX(C:C, MATCH("Creature of Fenkenstrain", AJ:AJ, 0)) = "Y") -> TRUE | E46: =SUMPRODUCT((F46:AD46 <> "") * (F46:AD46 <= F$2:AD$2)) = 1 -> TRUE | L46: 25 | AE46: =SUMPRODUCT((F46:AA46 - $F$2:$AA$2) * ((F46:AA46 - $F$2:$AA$2) > 0)) -> 0 | AJ46: Garden of Tranquillity | AK46: =IFERROR(ADDRESS(MATCH(AJ46, $A$5:$A$180, 0) + 4, COLUMN(A42)), "Not Found") -> $A$46
A47: Gertrude's Cat | B47: =AND(D47=TRUE(),E47=TRUE()) -> TRUE | C47: Y | D47: =TRUE() -> TRUE | E47: =SUMPRODUCT((F47:AD47 <> "") * (F47:AD47 <= F$2:AD$2)) = 0 -> TRUE | AE47: =SUMPRODUCT((F47:AA47 - $F$2:$AA$2) * ((F47:AA47 - $F$2:$AA$2) > 0)) -> 0 | AJ47: Gertrude's Cat | AK47: =IFERROR(ADDRESS(MATCH(AJ47, $A$5:$A$180, 0) + 4, COLUMN(A43)), "Not Found") -> $A$47
A48: Ghosts Ahoy | B48: =AND(D48=TRUE(),E48=TRUE()) -> TRUE | C48: Y | D48: =AND(INDEX(C:C, MATCH("Lost City", AJ:AJ, 0)) = "Y",INDEX(C:C, MATCH("Restless Ghost, The", AJ:AJ, 0)) = "Y") -> TRUE | E48: =SUMPRODUCT((F48:AD48 <> "") * (F48:AD48 <= F$2:AD$2)) = 2 -> TRUE | F48: 25 | I48: 20 | AE48: =SUMPRODUCT((F48:AA48 - $F$2:$AA$2) * ((F48:AA48 - $F$2:$AA$2) > 0)) -> 0 | AJ48: Ghosts Ahoy | AK48: =IFERROR(ADDRESS(MATCH(AJ48, $A$5:$A$180, 0) + 4, COLUMN(A44)), "Not Found") -> $A$48
A49: Giant Dwarf, The | B49: =AND(D49=TRUE(),E49=TRUE()) -> TRUE | C49: N | D49: =TRUE() -> TRUE | E49: =SUMPRODUCT((F49:AD49 <> "") * (F49:AD49 <= F$2:AD$2)) = 4 -> 1 | J49: 12 | M49: 16 | R49: 33 | AA49: 14 | AE49: =SUMPRODUCT((F49:AA49 - $F$2:$AA$2) * ((F49:AA49 - $F$2:$AA$2) > 0)) -> 0 | AJ49: Giant Dwarf, The | AK49: =IFERROR(ADDRESS(MATCH(AJ49, $A$5:$A$180, 0) + 4, COLUMN(A45)), "Not Found") -> $A$49
A50: Goblin Diplomacy | B50: =AND(D50=TRUE(),E50=TRUE()) -> TRUE | C50: Y | D50: =TRUE() -> TRUE | E50: =SUMPRODUCT((F50:AD50 <> "") * (F50:AD50 <= F$2:AD$2)) = 0 -> TRUE | AE50: =SUMPRODUCT((F50:AA50 - $F$2:$AA$2) * ((F50:AA50 - $F$2:$AA$2) > 0)) -> 0 | AJ50: Goblin Diplomacy | AK50: =IFERROR(ADDRESS(MATCH(AJ50, $A$5:$A$180, 0) + 4, COLUMN(A46)), "Not Found") -> $A$50
A51: Golem, The | B51: =AND(D51=TRUE(),E51=TRUE()) -> TRUE | C51: N | D51: =TRUE() -> TRUE | E51: =SUMPRODUCT((F51:AD51 <> "") * (F51:AD51 <= F$2:AD$2)) = 2 -> TRUE | J51: 20 | AA51: 25 | AE51: =SUMPRODUCT((F51:AA51 - $F$2:$AA$2) * ((F51:AA51 - $F$2:$AA$2) > 0)) -> 0 | AJ51: Golem, The | AK51: =IFERROR(ADDRESS(MATCH(AJ51, $A$5:$A$180, 0) + 4, COLUMN(A47)), "Not Found") -> $A$51
A52: Grand Tree, The | B52: =TRUE() -> TRUE | C52: Y | D52: =TRUE() -> TRUE | E52: =SUMPRODUCT((F52:AD52 <> "") * (F52:AD52 <= F$2:AD$2)) = 4 -> 0 | F52: 25 | AE52: =SUMPRODUCT((F52:AA52 - $F$2:$AA$2) * ((F52:AA52 - $F$2:$AA$2) > 0)) -> 0 | AJ52: Grand Tree, The | AK52: =IFERROR(ADDRESS(MATCH(AJ52, $A$5:$A$180, 0) + 4, COLUMN(A48)), "Not Found") -> $A$52
A53: Great Brain Robbery, The | B53: =TRUE() -> TRUE | C53: Y | D53: =TRUE() -> TRUE | E53: =SUMPRODUCT((F53:AD53 <> "") * (F53:AD53 <= F$2:AD$2)) = 3 -> TRUE | H53: 30 | J53: 16 | T53: 50 | AE53: =SUMPRODUCT((F53:AA53 - $F$2:$AA$2) * ((F53:AA53 - $F$2:$AA$2) > 0)) -> 0 | AJ53: Great Brain Robbery, The | AK53: =IFERROR(ADDRESS(MATCH(AJ53, $A$5:$A$180, 0) + 4, COLUMN(A49)), "Not Found") -> $A$53
A54: Grim tales | B54: =AND(D54=TRUE(),E54=TRUE()) -> FALSE | C54: N | D54: =AND(INDEX(C:C, MATCH("Witch's House", AJ:AJ, 0)) = "Y") -> TRUE | E54: =SUMPRODUCT((F54:AD54 <> "") * (F54:AD54 <= F$2:AD$2)) = 5 -> FALSE | F54: 59 | L54: 45 | P54: 52 | AA54: 58 | AB54: 71 | AE54: =SUMPRODUCT((F54:AA54 - $F$2:$AA$2) * ((F54:AA54 - $F$2:$AA$2) > 0)) -> 18 | AJ54: Grim tales | AK54: =IFERROR(ADDRESS(MATCH(AJ54, $A$5:$A$180, 0) + 4, COLUMN(A50)), "Not Found") -> $A$54
A55: Hand in the Sand, The | B55: =AND(D55=TRUE(),E55=TRUE()) -> TRUE | C55: N | D55: =TRUE() -> TRUE | E55: =SUMPRODUCT((F55:AD55 <> "") * (F55:AD55 <= F$2:AD$2)) = 2 -> TRUE | J55: 49 | AA55: 17 | AE55: =SUMPRODUCT((F55:AA55 - $F$2:$AA$2) * ((F55:AA55 - $F$2:$AA$2) > 0)) -> 0 | AJ55: Hand in the Sand, The | AK55: =IFERROR(ADDRESS(MATCH(AJ55, $A$5:$A$180, 0) + 4, COLUMN(A51)), "Not Found") -> $A$55
A56: Haunted Mine | B56: =TRUE() -> TRUE | C56: Y | D56: =TRUE() -> TRUE | E56: =SUMPRODUCT((F56:AD56 <> "") * (F56:AD56 <= F$2:AD$2)) = 3 -> TRUE | F56: 15 | J56: 35 | T56: 43 | AE56: =SUMPRODUCT((F56:AA56 - $F$2:$AA$2) * ((F56:AA56 - $F$2:$AA$2) > 0)) -> 0 | AJ56: Haunted Mine | AK56: =IFERROR(ADDRESS(MATCH(AJ56, $A$5:$A$180, 0) + 4, COLUMN(A52)), "Not Found") -> $A$56
A57: Hazeel Cult | B57: =AND(D57=TRUE(),E57=TRUE()) -> TRUE | C57: Y | D57: =TRUE() -> TRUE | E57: =SUMPRODUCT((F57:AD57 <> "") * (F57:AD57 <= F$2:AD$2)) = 0 -> TRUE | AE57: =SUMPRODUCT((F57:AA57 - $F$2:$AA$2) * ((F57:AA57 - $F$2:$AA$2) > 0)) -> 0 | AJ57: Hazeel Cult | AK57: =IFERROR(ADDRESS(MATCH(AJ57, $A$5:$A$180, 0) + 4, COLUMN(A53)), "Not Found") -> $A$57
A58: Heroes Quest | B58: =AND(D58=TRUE(),E58=TRUE()) -> TRUE | C58: Y | D58: =AND(INDEX(C:C, MATCH("Shield of Arrav", AJ:AJ, 0)) = "Y",INDEX(C:C, MATCH("Lost City", AJ:AJ, 0)) = "Y",INDEX(C:C, MATCH("Dragon Slayer", AJ:AJ, 0)) = "Y",INDEX(C:C, MATCH("Merlin's Crystal", AJ:AJ, 0)) = "Y") -> TRUE | E58: =SUMPRODUCT((F58:AD58 <> "") * (F58:AD58 <= F$2:AD$2)) = 5 -> TRUE | I58: 53 | N58: 53 | P58: 25 | S58: 50 | AC58: 55 | AE58: =SUMPRODUCT((F58:AA58 - $F$2:$AA$2) * ((F58:AA58 - $F$2:$AA$2) > 0)) -> 0 | AJ58: Heroes Quest | AK58: =IFERROR(ADDRESS(MATCH(AJ58, $A$5:$A$180, 0) + 4, COLUMN(A54)), "Not Found") -> $A$58
A59: Holy Grail | B59: =AND(D59=TRUE(),E59=TRUE()) -> TRUE | C59: Y | D59: =AND(INDEX(C:C, MATCH("Merlin's Crystal", AJ:AJ, 0)) = "Y") -> TRUE | E59: =SUMPRODUCT((F59:AD59 <> "") * (F59:AD59 <= F$2:AD$2)) = 1 -> TRUE | G59: 20 | AE59: =SUMPRODUCT((F59:AA59 - $F$2:$AA$2) * ((F59:AA59 - $F$2:$AA$2) > 0)) -> 0 | AJ59: Holy Grail | AK59: =IFERROR(ADDRESS(MATCH(AJ59, $A$5:$A$180, 0) + 4, COLUMN(A55)), "Not Found") -> $A$59
A60: Horror from the Deep | B60: =AND(D60=TRUE(),E60=TRUE()) -> TRUE | C60: Y | D60: =TRUE() -> TRUE | E60: =SUMPRODUCT((F60:AD60 <> "") * (F60:AD60 <= F$2:AD$2)) = 2 -> TRUE | F60: 35 | T60: 40 | AE60: =SUMPRODUCT((F60:AA60 - $F$2:$AA$2) * ((F60:AA60 - $F$2:$AA$2) > 0)) -> 0 | AJ60: Horror from the Deep | AK60: =IFERROR(ADDRESS(MATCH(AJ60, $A$5:$A$180, 0) + 4, COLUMN(A56)), "Not Found") -> $A$60
A61: Icthlarin's Little Helper | B61: =AND(D61=TRUE(),E61=TRUE()) -> TRUE | C61: Y | D61: =AND(INDEX(C:C, MATCH("Gertrude's Cat", AJ:AJ, 0)) = "Y") -> TRUE | E61: =SUMPRODUCT((F61:AD61 <> "") * (F61:AD61 <= F$2:AD$2)) = 0 -> TRUE | AE61: =SUMPRODUCT((F61:AA61 - $F$2:$AA$2) * ((F61:AA61 - $F$2:$AA$2) > 0)) -> 0 | AJ61: Icthlarin's Little Helper | AK61: =IFERROR(ADDRESS(MATCH(AJ61, $A$5:$A$180, 0) + 4, COLUMN(A57)), "Not Found") -> $A$61
A62: Imp Catcher | B62: =AND(D62=TRUE(),E62=TRUE()) -> FALSE | C62: Y | D62: =TRUE() -> TRUE | E62: =SUMPRODUCT((F62:AD62 <> "") * (F62:AD62 <= F$2:AD$2)) = 4 -> 0 | AE62: =SUMPRODUCT((F62:AA62 - $F$2:$AA$2) * ((F62:AA62 - $F$2:$AA$2) > 0)) -> 0 | AJ62: Imp Catcher | AK62: =IFERROR(ADDRESS(MATCH(AJ62, $A$5:$A$180, 0) + 4, COLUMN(A58)), "Not Found") -> $A$62
A63: In Aid of the Myreque | B63: =AND(D63=TRUE(),E63=TRUE()) -> TRUE | C63: N | D63: =AND(INDEX(C:C, MATCH("Nature Spirit", AJ:AJ, 0)) = "Y",INDEX(C:C, MATCH("In Search of the Myreque", AJ:AJ, 0)) = "Y") -> TRUE | E63: =SUMPRODUCT((F63:AD63 <> "") * (F63:AD63 <= F$2:AD$2)) = 3 -> TRUE | J63: 25 | R63: 7 | S63: 15 | AE63: =SUMPRODUCT((F63:AA63 - $F$2:$AA$2) * ((F63:AA63 - $F$2:$AA$2) > 0)) -> 0 | AJ63: In Aid of the Myreque | AK63: =IFERROR(ADDRESS(MATCH(AJ63, $A$5:$A$180, 0) + 4, COLUMN(A59)), "Not Found") -> $A$63
A64: Jungle Potion | B64: =AND(D64=TRUE(),E64=TRUE()) -> TRUE | C64: Y | D64: =AND(INDEX(C:C, MATCH("Druidic Ritual", AJ:AJ, 0)) = "Y") -> TRUE | E64: =SUMPRODUCT((F64:AD64 <> "") * (F64:AD64 <= F$2:AD$2)) = 1 -> TRUE | P64: 3 | AE64: =SUMPRODUCT((F64:AA64 - $F$2:$AA$2) * ((F64:AA64 - $F$2:$AA$2) > 0)) -> 0 | AJ64: Jungle Potion | AK64: =IFERROR(ADDRESS(MATCH(AJ64, $A$5:$A$180, 0) + 4, COLUMN(A60)), "Not Found") -> $A$64
A65: King's Ransom | B65: =AND(D65=TRUE(),E65=TRUE()) -> TRUE | C65: Y | D65: =AND(INDEX(C:C,MATCH("black knight's fortress",AJ:AJ,0))="y",INDEX(C:C,MATCH("merlin's crystal",AJ:AJ,0))="y",INDEX(C:C,MATCH("murder mystery",AJ:AJ,0))="y",INDEX(C:C,MATCH("holy grail",AJ:AJ,0))="y",INDEX(C:C,MATCH("one small favour",AJ:AJ,0))="y") -> TRUE | E65: =SUMPRODUCT((F65:AD65 <> "") * (F65:AD65 <= F$2:AD$2)) = 2 -> TRUE | K65: 65 | R65: 45 | AE65: =SUMPRODUCT((F65:AA65 - $F$2:$AA$2) * ((F65:AA65 - $F$2:$AA$2) > 0)) -> 0 | AJ65: King's Ransom | AK65: =IFERROR(ADDRESS(MATCH(AJ65, $A$5:$A$180, 0) + 4, COLUMN(A61)), "Not Found") -> $A$65
A66: Knight's Sword, The | B66: =TRUE() -> TRUE | C66: Y | D66: =TRUE() -> TRUE | E66: =SUMPRODUCT((F66:AD66 <> "") * (F66:AD66 <= F$2:AD$2)) = 2 -> TRUE | I66: 10 | S66: 10 | AE66: =SUMPRODUCT((F66:AA66 - $F$2:$AA$2) * ((F66:AA66 - $F$2:$AA$2) > 0)) -> 0 | AJ66: Knight's Sword, The | AK66: =IFERROR(ADDRESS(MATCH(AJ66, $A$5:$A$180, 0) + 4, COLUMN(A62)), "Not Found") -> $A$66
A67: Legends Quest | B67: =AND(D67=TRUE(),E67=TRUE()) -> FALSE | C67: N | D67: =AND(INDEX(C:C, MATCH("Family Crest", AJ:AJ, 0)) = "Y",INDEX(C:C, MATCH("Heroes Quest", AJ:AJ, 0)) = "Y",INDEX(C:C, MATCH("Shilo Village", AJ:AJ, 0)) = "Y",INDEX(C:C, MATCH("Underground Pass", AJ:AJ, 0)) = "Y",INDEX(C:C, MATCH("Waterfall Quest", AJ:AJ, 0)) = "Y") -> FALSE | E67: =SUMPRODUCT((F67:AD67 <> "") * (F67:AD67 <= F$2:AD$2)) = 11 -> FALSE | F67: 50 | J67: 50 | P67: 45 | R67: 56 | S67: 52 | T67: 42 | Y67: 50 | Z67: 50 | AA67: 50 | AB67: 50 | AC67: 107 | AE67: =SUMPRODUCT((F67:AA67 - $F$2:$AA$2) * ((F67:AA67 - $F$2:$AA$2) > 0)) -> 6 | AJ67: Legends Quest | AK67: =IFERROR(ADDRESS(MATCH(AJ67, $A$5:$A$180, 0) + 4, COLUMN(A63)), "Not Found") -> $A$67
A68: Lost City | B68: =TRUE() -> TRUE | C68: Y | D68: =TRUE() -> TRUE | E68: =SUMPRODUCT((F68:AD68 <> "") * (F68:AD68 <= F$2:AD$2)) = 2 -> TRUE | J68: 31 | AB68: 36 | AE68: =SUMPRODUCT((F68:AA68 - $F$2:$AA$2) * ((F68:AA68 - $F$2:$AA$2) > 0)) -> 0 | AJ68: Lost City | AK68: =IFERROR(ADDRESS(MATCH(AJ68, $A$5:$A$180, 0) + 4, COLUMN(A64)), "Not Found") -> $A$68
A69: Lost Tribe, The | B69: =AND(D69=TRUE(),E69=TRUE()) -> TRUE | C69: N | D69: =AND(INDEX(C:C, MATCH("Rune Mysteries", AJ:AJ, 0)) = "Y",INDEX(C:C, MATCH("Goblin Diplomacy", AJ:AJ, 0)) = "Y") -> TRUE | E69: =SUMPRODUCT((F69:AD69 <> "") * (F69:AD69 <= F$2:AD$2)) = 3 -> TRUE | F69: 13 | S69: 17 | AA69: 13 | AE69: =SUMPRODUCT((F69:AA69 - $F$2:$AA$2) * ((F69:AA69 - $F$2:$AA$2) > 0)) -> 0 | AJ69: Lost Tribe, The | AK69: =IFERROR(ADDRESS(MATCH(AJ69, $A$5:$A$180, 0) + 4, COLUMN(A65)), "Not Found") -> $A$69
A70: Lunar Diplomacy | B70: =AND(D70=TRUE(),E70=TRUE()) -> FALSE | C70: N | D70: =AND(INDEX(C:C, MATCH("Fremennik Trials, The", AJ:AJ, 0)) = "Y",INDEX(C:C, MATCH("Lost City", AJ:AJ, 0)) = "Y",INDEX(C:C, MATCH("Shilo Village", AJ:AJ, 0)) = "Y",INDEX(C:C, MATCH("Rune Mysteries", AJ:AJ, 0)) = "Y") -> TRUE | E70: =SUMPRODUCT((F70:AD70 <> "") * (F70:AD70 <= F$2:AD$2)) = 7 -> FALSE | J70: 61 | K70: 40 | M70: 49 | P70: 5 | R70: 65 | S70: 60 | AB70: 55 | AE70: =SUMPRODUCT((F70:AA70 - $F$2:$AA$2) * ((F70:AA70 - $F$2:$AA$2) > 0)) -> 20 | AJ70: Lunar Diplomacy | AK70: =IFERROR(ADDRESS(MATCH(AJ70, $A$5:$A$180, 0) + 4, COLUMN(A66)), "Not Found") -> $A$70
A71: Making History | B71: =AND(D71=TRUE(),E71=TRUE()) -> TRUE | C71: Y | D71: =AND(INDEX(C:C, MATCH("Priest in Peril", AJ:AJ, 0)) = "Y",INDEX(C:C, MATCH("Restless Ghost, The", AJ:AJ, 0)) = "Y") -> TRUE | E71: =SUMPRODUCT((F71:AD71 <> "") * (F71:AD71 <= F$2:AD$2)) = 3 -> TRUE | J71: 20 | S71: 40 | Y71: 40 | AE71: =SUMPRODUCT((F71:AA71 - $F$2:$AA$2) * ((F71:AA71 - $F$2:$AA$2) > 0)) -> 0 | AJ71: Making History | AK71: =IFERROR(ADDRESS(MATCH(AJ71, $A$5:$A$180, 0) + 4, COLUMN(A67)), "Not Found") -> $A$71
A72: Merlin's Crystal | B72: =AND(D72=TRUE(),E72=TRUE()) -> TRUE | C72: Y | D72: =TRUE() -> TRUE | E72: =SUMPRODUCT((F72:AD72 <> "") * (F72:AD72 <= F$2:AD$2)) = 0 -> TRUE | AE72: =SUMPRODUCT((F72:AA72 - $F$2:$AA$2) * ((F72:AA72 - $F$2:$AA$2) > 0)) -> 0 | AJ72: Merlin's Crystal | AK72: =IFERROR(ADDRESS(MATCH(AJ72, $A$5:$A$180, 0) + 4, COLUMN(A68)), "Not Found") -> $A$72
A73: Monkey Madness | B73: =AND(D73=TRUE(),E73=TRUE()) -> TRUE | C73: Y | D73: =AND(INDEX(C:C, MATCH("Tree Gnome Village", AJ:AJ, 0)) = "Y",INDEX(C:C, MATCH("Grand Tree, The", AJ:AJ, 0)) = "Y") -> TRUE | E73: =SUMPRODUCT((F73:AD73 <> "") * (F73:AD73 <= F$2:AD$2)) = 0 -> TRUE | AE73: =SUMPRODUCT((F73:AA73 - $F$2:$AA$2) * ((F73:AA73 - $F$2:$AA$2) > 0)) -> 0 | AJ73: Monkey Madness | AK73: =IFERROR(ADDRESS(MATCH(AJ73, $A$5:$A$180, 0) + 4, COLUMN(A69)), "Not Found") -> $A$73
A74: Monk's Friend | B74: =AND(D74=TRUE(),E74=TRUE()) -> TRUE | C74: Y | D74: =TRUE() -> TRUE | E74: =SUMPRODUCT((F74:AD74 <> "") * (F74:AD74 <= F$2:AD$2)) = 0 -> TRUE | AE74: =SUMPRODUCT((F74:AA74 - $F$2:$AA$2) * ((F74:AA74 - $F$2:$AA$2) > 0)) -> 0 | AJ74: Monk's Friend | AK74: =IFERROR(ADDRESS(MATCH(AJ74, $A$5:$A$180, 0) + 4, COLUMN(A70)), "Not Found") -> $A$74
A75: Mountain Daughter | B75: =AND(D75=TRUE(),E75=TRUE()) -> TRUE | C75: N | D75: =TRUE() -> TRUE | E75: =SUMPRODUCT((F75:AD75 <> "") * (F75:AD75 <= F$2:AD$2)) = 1 -> TRUE | F75: 20 | AE75: =SUMPRODUCT((F75:AA75 - $F$2:$AA$2) * ((F75:AA75 - $F$2:$AA$2) > 0)) -> 0 | AJ75: Mountain Daughter | AK75: =IFERROR(ADDRESS(MATCH(AJ75, $A$5:$A$180, 0) + 4, COLUMN(A71)), "Not Found") -> $A$75
A76: Mourning's Ends Part I | B76: =AND(D76=TRUE(),E76=TRUE()) -> FALSE | C76: N | D76: =AND(INDEX(C:C, MATCH("Sheep Herder", AJ:AJ, 0)) = "Y",INDEX(C:C, MATCH("Roving Elves", AJ:AJ, 0)) = "Y",INDEX(C:C, MATCH("big chompy bird hunting", AJ:AJ, 0)) = "Y") -> FALSE | E76: =SUMPRODUCT((F76:AD76 <> "") * (F76:AD76 <= F$2:AD$2)) = 2 -> TRUE | U76: 60 | AA76: 50 | AE76: =SUMPRODUCT((F76:AA76 - $F$2:$AA$2) * ((F76:AA76 - $F$2:$AA$2) > 0)) -> 0 | AJ76: Mourning's Ends Part I | AK76: =IFERROR(ADDRESS(MATCH(AJ76, $A$5:$A$180, 0) + 4, COLUMN(A72)), "Not Found") -> $A$76
A77: Mourning's Ends Part II | B77: =AND(D77=TRUE(),E77=TRUE()) -> FALSE | C77: N | D77: =AND(INDEX(C:C, MATCH("Mourning's Ends Part I", AJ:AJ, 0)) = "Y") -> FALSE | E77: =SUMPRODUCT((F77:AD77 <> "") * (F77:AD77 <= F$2:AD$2)) = 2 -> FALSE | F77: 60 | T77: 43 | AE77: =SUMPRODUCT((F77:AA77 - $F$2:$AA$2) * ((F77:AA77 - $F$2:$AA$2) > 0)) -> 15 | AJ77: Mourning's Ends Part II | AK77: =IFERROR(ADDRESS(MATCH(AJ77, $A$5:$A$180, 0) + 4, COLUMN(A73)), "Not Found") -> $A$77
A78: Murder Mystery | B78: =AND(D78=TRUE(),E78=TRUE()) -> TRUE | C78: Y | D78: =TRUE() -> TRUE | E78: =SUMPRODUCT((F78:AD78 <> "") * (F78:AD78 <= F$2:AD$2)) = 0 -> TRUE | AE78: =SUMPRODUCT((F78:AA78 - $F$2:$AA$2) * ((F78:AA78 - $F$2:$AA$2) > 0)) -> 0 | AJ78: Murder Mystery | AK78: =IFERROR(ADDRESS(MATCH(AJ78, $A$5:$A$180, 0) + 4, COLUMN(A74)), "Not Found") -> $A$78
A79: My Arm's Big Adventure | B79: =AND(D79=TRUE(),E79=TRUE()) -> FALSE | C79: N | D79: =AND(INDEX(C:C, MATCH("Jungle Potion", AJ:AJ, 0)) = "Y",INDEX(C:C, MATCH("Feud, The", AJ:AJ, 0)) = "Y",INDEX(C:C, MATCH("Eadgar's Ruse", AJ:AJ, 0)) = "Y") -> FALSE | E79: =SUMPRODUCT((F79:AD79 <> "") * (F79:AD79 <= F$2:AD$2)) = 2 -> TRUE | L79: 29 | AB79: 10 | AE79: =SUMPRODUCT((F79:AA79 - $F$2:$AA$2) * ((F79:AA79 - $F$2:$AA$2) > 0)) -> 0 | AJ79: My Arm's Big Adventure | AK79: =IFERROR(ADDRESS(MATCH(AJ79, $A$5:$A$180, 0) + 4, COLUMN(A75)), "Not Found") -> $A$79
A80: Nature Spirit | B80: =TRUE() -> TRUE | C80: Y | D80: =AND(INDEX(C:C, MATCH("Priest in Peril", AJ:AJ, 0)) = "Y",INDEX(C:C, MATCH("Restless Ghost, The", AJ:AJ, 0)) = "Y") -> TRUE | E80: =SUMPRODUCT((F80:AD80 <> "") * (F80:AD80 <= F$2:AD$2)) = 1 -> TRUE | J80: 18 | AE80: =SUMPRODUCT((F80:AA80 - $F$2:$AA$2) * ((F80:AA80 - $F$2:$AA$2) > 0)) -> 0 | AJ80: Nature Spirit | AK80: =IFERROR(ADDRESS(MATCH(AJ80, $A$5:$A$180, 0) + 4, COLUMN(A76)), "Not Found") -> $A$80
A81: Observatory Quest | B81: =AND(D81=TRUE(),E81=TRUE()) -> TRUE | C81: Y | D81: =TRUE() -> TRUE | E81: =SUMPRODUCT((F81:AD81 <> "") * (F81:AD81 <= F$2:AD$2)) = 1 -> TRUE | J81: 10 | AE81: =SUMPRODUCT((F81:AA81 - $F$2:$AA$2) * ((F81:AA81 - $F$2:$AA$2) > 0)) -> 0 | AJ81: Observatory Quest | AK81: =IFERROR(ADDRESS(MATCH(AJ81, $A$5:$A$180, 0) + 4, COLUMN(A77)), "Not Found") -> $A$81
A82: Olaf's Quest | B82: =AND(D82=TRUE(),E82=TRUE()) -> TRUE | C82: Y | D82: =AND(INDEX(C:C, MATCH("Fremennik Trials, The", AJ:AJ, 0)) = "Y") -> TRUE | E82: =SUMPRODUCT((F82:AD82 <> "") * (F82:AD82 <= F$2:AD$2)) = 2 -> TRUE | L82: 40 | AB82: 50 | AE82: =SUMPRODUCT((F82:AA82 - $F$2:$AA$2) * ((F82:AA82 - $F$2:$AA$2) > 0)) -> 0 | AJ82: Olaf's Quest | AK82: =IFERROR(ADDRESS(MATCH(AJ82, $A$5:$A$180, 0) + 4, COLUMN(A78)), "Not Found") -> $A$82
A83: One Small Favour | B83: =AND(D83=TRUE(),E83=TRUE()) -> TRUE | C83: Y | D83: =AND(INDEX(C:C, MATCH("Rune Mysteries", AJ:AJ, 0)) = "Y",INDEX(C:C, MATCH("Shilo Village", AJ:AJ, 0)) = "Y",INDEX(C:C, MATCH("Druidic Ritual", AJ:AJ, 0)) = "Y") -> TRUE | E83: =SUMPRODUCT((F83:AD83 <> "") * (F83:AD83 <= F$2:AD$2)) = 4 -> 1 | F83: 36 | J83: 25 | P83: 18 | Y83: 30 | AE83: =SUMPRODUCT((F83:AA83 - $F$2:$AA$2) * ((F83:AA83 - $F$2:$AA$2) > 0)) -> 0 | AJ83: One Small Favour | AK83: =IFERROR(ADDRESS(MATCH(AJ83, $A$5:$A$180, 0) + 4, COLUMN(A79)), "Not Found") -> $A$83
A84: Pirate's Treasure | B84: =AND(D84=TRUE(),E84=TRUE()) -> TRUE | C84: Y | D84: =TRUE() -> TRUE | E84: =SUMPRODUCT((F84:AD84 <> "") * (F84:AD84 <= F$2:AD$2)) = 0 -> TRUE | AE84: =SUMPRODUCT((F84:AA84 - $F$2:$AA$2) * ((F84:AA84 - $F$2:$AA$2) > 0)) -> 0 | AJ84: Pirate's Treasure | AK84: =IFERROR(ADDRESS(MATCH(AJ84, $A$5:$A$180, 0) + 4, COLUMN(A80)), "Not Found") -> $A$84
A85: Plague City | B85: =AND(D85=TRUE(),E85=TRUE()) -> TRUE | C85: Y | D85: =TRUE() -> TRUE | E85: =SUMPRODUCT((F85:AD85 <> "") * (F85:AD85 <= F$2:AD$2)) = 0 -> TRUE | AE85: =SUMPRODUCT((F85:AA85 - $F$2:$AA$2) * ((F85:AA85 - $F$2:$AA$2) > 0)) -> 0 | AJ85: Plague City | AK85: =IFERROR(ADDRESS(MATCH(AJ85, $A$5:$A$180, 0) + 4, COLUMN(A81)), "Not Found") -> $A$85
A86: Priest in Peril | B86: =AND(D86=TRUE(),E86=TRUE()) -> TRUE | C86: Y | D86: =TRUE() -> TRUE | E86: =SUMPRODUCT((F86:AD86 <> "") * (F86:AD86 <= F$2:AD$2)) = 0 -> TRUE | AE86: =SUMPRODUCT((F86:AA86 - $F$2:$AA$2) * ((F86:AA86 - $F$2:$AA$2) > 0)) -> 0 | AJ86: Priest in Peril | AK86: =IFERROR(ADDRESS(MATCH(AJ86, $A$5:$A$180, 0) + 4, COLUMN(A82)), "Not Found") -> $A$86
A87: Prince Ali Rescue | B87: =AND(D87=TRUE(),E87=TRUE()) -> TRUE | C87: Y | D87: =TRUE() -> TRUE | E87: =SUMPRODUCT((F87:AD87 <> "") * (F87:AD87 <= F$2:AD$2)) = 0 -> TRUE | AE87: =SUMPRODUCT((F87:AA87 - $F$2:$AA$2) * ((F87:AA87 - $F$2:$AA$2) > 0)) -> 0 | AJ87: Prince Ali Rescue | AK87: =IFERROR(ADDRESS(MATCH(AJ87, $A$5:$A$180, 0) + 4, COLUMN(A83)), "Not Found") -> $A$87
A88: Rag and Bone Man | B88: =AND(D88=TRUE(),E88=TRUE()) -> TRUE | C88: Y | D88: =TRUE() -> TRUE | E88: =SUMPRODUCT((F88:AD88 <> "") * (F88:AD88 <= F$2:AD$2)) = 0 -> TRUE | AE88: =SUMPRODUCT((F88:AA88 - $F$2:$AA$2) * ((F88:AA88 - $F$2:$AA$2) > 0)) -> 0 | AJ88: Rag and Bone Man | AK88: =IFERROR(ADDRESS(MATCH(AJ88, $A$5:$A$180, 0) + 4, COLUMN(A84)), "Not Found") -> $A$88
A89: Rat Catchers | B89: =AND(D89=TRUE(),E89=TRUE()) -> TRUE | C89: N | D89: =AND(INDEX(C:C, MATCH("Icthlarin's Little Helper", AJ:AJ, 0)) = "Y",INDEX(C:C, MATCH("Gertrude's Cat", AJ:AJ, 0)) = "Y") -> TRUE | E89: =SUMPRODUCT((F89:AD89 <> "") * (F89:AD89 <= F$2:AD$2)) = 0 -> TRUE | AE89: =SUMPRODUCT((F89:AA89 - $F$2:$AA$2) * ((F89:AA89 - $F$2:$AA$2) > 0)) -> 0 | AJ89: Rat Catchers | AK89: =IFERROR(ADDRESS(MATCH(AJ89, $A$5:$A$180, 0) + 4, COLUMN(A85)), "Not Found") -> $A$89
A90: Recipe for Disaster | B90: =AND(D90=TRUE(),E90=TRUE()) -> FALSE | C90: N | D90: =AND(INDEX(C:C,MATCH("Cook's Assistant",AJ:AJ,0))="Y") -> TRUE | E90: =SUMPRODUCT((F90:AD90 <> "") * (F90:AD90 <= F$2:AD$2)) = 3 -> FALSE | F90: 48 | I90: 70 | AC90: 175 | AE90: =SUMPRODUCT((F90:AA90 - $F$2:$AA$2) * ((F90:AA90 - $F$2:$AA$2) > 0)) -> 7 | AJ90: Recipe for Disaster | AK90: =IFERROR(ADDRESS(MATCH(AJ90, $A$5:$A$180, 0) + 4, COLUMN(A86)), "Not Found") -> $A$90
A91: Recruitment Drive | B91: =AND(D91=TRUE(),E91=TRUE()) -> TRUE | C91: Y | D91: =AND(INDEX(C:C,MATCH("black knight's fortress",AJ:AJ,0))="y",INDEX(C:C,MATCH("druidic ritual",AJ:AJ,0))="y") -> TRUE | E91: =SUMPRODUCT((F91:AD91 <> "") * (F91:AD91 <= F$2:AD$2)) = 0 -> TRUE | AE91: =SUMPRODUCT((F91:AA91 - $F$2:$AA$2) * ((F91:AA91 - $F$2:$AA$2) > 0)) -> 0 | AJ91: Recruitment Drive | AK91: =IFERROR(ADDRESS(MATCH(AJ91, $A$5:$A$180, 0) + 4, COLUMN(A87)), "Not Found") -> $A$91
A92: Regicide | B92: =AND(D92=TRUE(),E92=TRUE()) -> FALSE | C92: N | D92: =AND(INDEX(C:C, MATCH("Underground Pass", AJ:AJ, 0)) = "Y") -> FALSE | E92: =SUMPRODUCT((F92:AD92 <> "") * (F92:AD92 <= F$2:AD$2)) = 1 -> FALSE | F92: 56 | AE92: =SUMPRODUCT((F92:AA92 - $F$2:$AA$2) * ((F92:AA92 - $F$2:$AA$2) > 0)) -> 11 | AJ92: Regicide | AK92: =IFERROR(ADDRESS(MATCH(AJ92, $A$5:$A$180, 0) + 4, COLUMN(A88)), "Not Found") -> $A$92
A93: Restless Ghost, The | B93: =AND(D93=TRUE(),E93=TRUE()) -> TRUE | C93: Y | D93: =TRUE() -> TRUE | E93: =SUMPRODUCT((F93:AD93 <> "") * (F93:AD93 <= F$2:AD$2)) = 0 -> TRUE | AE93: =SUMPRODUCT((F93:AA93 - $F$2:$AA$2) * ((F93:AA93 - $F$2:$AA$2) > 0)) -> 0 | AJ93: Restless Ghost, The | AK93: =IFERROR(ADDRESS(MATCH(AJ93, $A$5:$A$180, 0) + 4, COLUMN(A89)), "Not Found") -> $A$93
A94: Romeo & Juliet | B94: =AND(D94=TRUE(),E94=TRUE()) -> TRUE | C94: Y | D94: =TRUE() -> TRUE | E94: =SUMPRODUCT((F94:AD94 <> "") * (F94:AD94 <= F$2:AD$2)) = 0 -> TRUE | AE94: =SUMPRODUCT((F94:AA94 - $F$2:$AA$2) * ((F94:AA94 - $F$2:$AA$2) > 0)) -> 0 | AJ94: Romeo & Juliet | AK94: =IFERROR(ADDRESS(MATCH(AJ94, $A$5:$A$180, 0) + 4, COLUMN(A90)), "Not Found") -> $A$94
A95: Roving Elves | B95: =AND(D95=TRUE(),E95=TRUE()) -> FALSE | C95: N | D95: =AND(INDEX(C:C, MATCH("Regicide", AJ:AJ, 0)) = "Y",INDEX(C:C, MATCH("Waterfall Quest", AJ:AJ, 0)) = "Y") -> FALSE | E95: =SUMPRODUCT((F95:AD95 <> "") * (F95:AD95 <= F$2:AD$2)) = 0 -> TRUE | AE95: =SUMPRODUCT((F95:AA95 - $F$2:$AA$2) * ((F95:AA95 - $F$2:$AA$2) > 0)) -> 0 | AJ95: Roving Elves | AK95: =IFERROR(ADDRESS(MATCH(AJ95, $A$5:$A$180, 0) + 4, COLUMN(A91)), "Not Found") -> $A$95
A96: Royal Trouble | B96: =AND(D96=TRUE(),E96=TRUE()) -> FALSE | C96: N | D96: =AND(INDEX(C:C, MATCH("Throne of Miscellania", AJ:AJ, 0)) = "Y") -> FALSE | E96: =SUMPRODUCT((F96:AD96 <> "") * (F96:AD96 <= F$2:AD$2)) = 2 -> TRUE | F96: 40 | X96: 40 | AE96: =SUMPRODUCT((F96:AA96 - $F$2:$AA$2) * ((F96:AA96 - $F$2:$AA$2) > 0)) -> 0 | AJ96: Royal Trouble | AK96: =IFERROR(ADDRESS(MATCH(AJ96, $A$5:$A$180, 0) + 4, COLUMN(A92)), "Not Found") -> $A$96
A97: Rum Deal | B97: =AND(D97=TRUE(),E97=TRUE()) -> TRUE | C97: Y | D97: =AND(INDEX(C:C, MATCH("Zogre Flesh Eaters", AJ:AJ, 0)) = "Y") -> TRUE | E97: =SUMPRODUCT((F97:AD97 <> "") * (F97:AD97 <= F$2:AD$2)) = 5 -> TRUE | J97: 42 | L97: 40 | N97: 50 | T97: 47 | X97: 42 | AE97: =SUMPRODUCT((F97:AA97 - $F$2:$AA$2) * ((F97:AA97 - $F$2:$AA$2) > 0)) -> 0 | AJ97: Rum Deal | AK97: =IFERROR(ADDRESS(MATCH(AJ97, $A$5:$A$180, 0) + 4, COLUMN(A93)), "Not Found") -> $A$97
A98: Rune Mysteries | B98: =AND(D98=TRUE(),E98=TRUE()) -> TRUE | C98: Y | D98: =TRUE() -> TRUE | E98: =SUMPRODUCT((F98:AD98 <> "") * (F98:AD98 <= F$2:AD$2)) = 0 -> TRUE | AE98: =SUMPRODUCT((F98:AA98 - $F$2:$AA$2) * ((F98:AA98 - $F$2:$AA$2) > 0)) -> 0 | AJ98: Rune Mysteries | AK98: =IFERROR(ADDRESS(MATCH(AJ98, $A$5:$A$180, 0) + 4, COLUMN(A94)), "Not Found") -> $A$98
A99: Scorpion Catcher | B99: =AND(D99=TRUE(),E99=TRUE()) -> TRUE | C99: Y | D99: =TRUE() -> TRUE | E99: =SUMPRODUCT((F99:AD99 <> "") * (F99:AD99 <= F$2:AD$2)) = 1 -> TRUE | T99: 31 | AE99: =SUMPRODUCT((F99:AA99 - $F$2:$AA$2) * ((F99:AA99 - $F$2:$AA$2) > 0)) -> 0 | AJ99: Scorpion Catcher | AK99: =IFERROR(ADDRESS(MATCH(AJ99, $A$5:$A$180, 0) + 4, COLUMN(A95)), "Not Found") -> $A$99
A100: Sea Slug | B100: =AND(D100=TRUE(),E100=TRUE()) -> TRUE | C100: Y | D100: =TRUE() -> TRUE | E100: =SUMPRODUCT((F100:AD100 <> "") * (F100:AD100 <= F$2:AD$2)) = 1 -> TRUE | M100: 30 | AE100: =SUMPRODUCT((F100:AA100 - $F$2:$AA$2) * ((F100:AA100 - $F$2:$AA$2) > 0)) -> 0 | AJ100: Sea Slug | AK100: =IFERROR(ADDRESS(MATCH(AJ100, $A$5:$A$180, 0) + 4, COLUMN(A96)), "Not Found") -> $A$100
A101: Shades of Mort'ton | B101: =AND(D101=TRUE(),E101=TRUE()) -> TRUE | C101: Y | D101: =TRUE() -> TRUE | E101: =SUMPRODUCT((F101:AD101 <> "") * (F101:AD101 <= F$2:AD$2)) = 1 -> TRUE | P101: 15 | AE101: =SUMPRODUCT((F101:AA101 - $F$2:$AA$2) * ((F101:AA101 - $F$2:$AA$2) > 0)) -> 0 | AJ101: Shades of Mort'ton | AK101: =IFERROR(ADDRESS(MATCH(AJ101, $A$5:$A$180, 0) + 4, COLUMN(A97)), "Not Found") -> $A$101
...

Sheet Form Responses 1

Sheet Sheet4
A1: Animal Magnetism | B1: =TRUE() -> 1 | C1: Y | E1: Animal Magnetism | F1: =TRUE() -> 1 | G1: Y
A2: Another Slice of H.A.M. | B2: =FALSE() -> 0 | C2: N | E2: Another Slice of H.A.M. | F2: =TRUE() -> 1 | G2: N
A3: Ascent of Arceuus, The | B3: =FALSE() -> 0 | C3: N | E3: Ascent of Arceuus, The | F3: =FALSE() -> 0 | G3: N
A4: At First Light | B4: =FALSE() -> 0 | C4: N | E4: At First Light | F4: =FALSE() -> 0 | G4: N
A5: Below Ice Mountain | B5: =TRUE() -> 1 | C5: Y | E5: Below Ice Mountain | F5: =TRUE() -> 1 | G5: Y
A6: Beneath Cursed Sands | B6: =FALSE() -> 0 | C6: N | E6: Beneath Cursed Sands | F6: =FALSE() -> 0 | G6: N
A7: Between a Rock… | B7: =TRUE() -> 1 | C7: Y | E7: Between a Rock… | F7: =FALSE() -> 0 | G7: Y
A8: Big Chompy Bird Hunting | B8: =TRUE() -> 1 | C8: Y | E8: Big Chompy Bird Hunting | F8: =TRUE() -> 1 | G8: Y
A9: Black Knight's Fortress | B9: =TRUE() -> 1 | C9: Y | E9: Black Knight's Fortress | F9: =FALSE() -> 0 | G9: Y
A10: Black Knight's Fortress | B10: =TRUE() -> 1 | C10: Y | E10: Black Knight's Fortress | F10: =TRUE() -> 1 | G10: Y
A11: Bone Voyage | B11: =TRUE() -> 1 | C11: Y | E11: Bone Voyage | F11: =TRUE() -> 1 | G11: Y
A12: Cabin Fever | B12: =TRUE() -> 1 | C12: Y | E12: Cabin Fever | F12: =TRUE() -> 1 | G12: Y
A13: Children of the Sun | B13: =TRUE() -> 1 | C13: Y | E13: Children of the Sun | F13: =TRUE() -> 1 | G13: Y
A14: Client of Kourend | B14: =TRUE() -> 1 | C14: Y | E14: Client of Kourend | F14: =TRUE() -> 1 | G14: Y
A15: Clock Tower | B15: =TRUE() -> 1 | C15: Y | E15: Clock Tower | F15: =TRUE() -> 1 | G15: Y
A16: Cold War | B16: =TRUE() -> 1 | C16: N | E16: Cold War | F16: =TRUE() -> 1 | G16: N
A17: Contact! | B17: =TRUE() -> 1 | C17: N | E17: Contact! | F17: =TRUE() -> 1 | G17: N
A18: Cook's Assistant | B18: =TRUE() -> 1 | C18: Y | E18: Cook's Assistant | F18: =TRUE() -> 1 | G18: Y
A19: Creature of Fenkenstrain | B19: =TRUE() -> 1 | C19: Y | E19: Creature of Fenkenstrain | F19: =TRUE() -> 1 | G19: Y
A20: Current Affairs | B20: =TRUE() -> 1 | C20: Y | E20: Current Affairs | F20: #REF! | G20: Y
A21: Curse of Arrav, The | B21: =TRUE() -> 1 | C21: Y | E21: Curse of Arrav, The | F21: =TRUE() -> 1 | G21: Y
A22: Curse of Arrav, The | B22: =FALSE() -> 0 | C22: N | E22: Curse of Arrav, The | F22: =FALSE() -> 0 | G22: N
A23: Darkness of Hallowvale | B23: =FALSE() -> 0 | C23: N | E23: Darkness of Hallowvale | F23: =FALSE() -> 0 | G23: N
A24: Death on the Isle | B24: =TRUE() -> 1 | C24: N | E24: Death on the Isle | F24: =TRUE() -> 1 | G24: N
A25: Death Plateau | B25: =TRUE() -> 1 | C25: Y | E25: Death Plateau | F25: =TRUE() -> 1 | G25: Y
A26: Death to the Dorgeshuun | B26: =FALSE() -> 0 | C26: N | E26: Death to the Dorgeshuun | F26: =TRUE() -> 1 | G26: N
A27: Defender of Varrock | B27: =FALSE() -> 0 | C27: N | E27: Defender of Varrock | F27: =FALSE() -> 0 | G27: N
A28: Demon Slayer | B28: =TRUE() -> 1 | C28: Y | E28: Demon Slayer | F28: =TRUE() -> 1 | G28: Y
A29: Depths of Despair, The | B29: =TRUE() -> 1 | C29: Y | E29: Depths of Despair, The | F29: =TRUE() -> 1 | G29: Y
A30: Desert Treasure | B30: =TRUE() -> 1 | C30: Y | E30: Desert Treasure | F30: =TRUE() -> 1 | G30: Y
A31: Desert Treasure II | B31: =FALSE() -> 0 | C31: N | E31: Desert Treasure II | F31: =FALSE() -> 0 | G31: N
A32: Devious Minds | B32: =FALSE() -> 0 | C32: N | E32: Devious Minds | F32: =FALSE() -> 0 | G32: N
A33: Digsite, The | B33: =TRUE() -> 1 | C33: Y | E33: Digsite, The | F33: =TRUE() -> 1 | G33: Y
A34: Doric's Quest | B34: =TRUE() -> 1 | C34: Y | E34: Doric's Quest | F34: =TRUE() -> 1 | G34: Y
A35: Dragon Slayer | B35: =TRUE() -> 1 | C35: Y | E35: Dragon Slayer | F35: =TRUE() -> 1 | G35: Y
A36: Dragon Slayer II | B36: =FALSE() -> 0 | C36: N | E36: Dragon Slayer II | F36: =FALSE() -> 0 | G36: N
A37: Dream Mentor | B37: =FALSE() -> 0 | C37: N | E37: Dream Mentor | F37: =FALSE() -> 0 | G37: N
A38: Druidic Ritual | B38: =TRUE() -> 1 | C38: Y | E38: Druidic Ritual | F38: =TRUE() -> 1 | G38: Y
A39: Dwarf Cannon | B39: =TRUE() -> 1 | C39: Y | E39: Dwarf Cannon | F39: =TRUE() -> 1 | G39: Y
A40: Eadgar's Ruse | B40: =TRUE() -> 1 | C40: N | E40: Eadgar's Ruse | F40: =FALSE() -> 0 | G40: N
A41: Eagles' Peak | B41: =TRUE() -> 1 | C41: Y | E41: Eagles' Peak | F41: =TRUE() -> 1 | G41: Y
A42: Elemental Workshop I | B42: =TRUE() -> 1 | C42: Y | E42: Elemental Workshop I | F42: =TRUE() -> 1 | G42: Y
A43: Elemental Workshop II | B43: =TRUE() -> 1 | C43: Y | E43: Elemental Workshop II | F43: =FALSE() -> 0 | G43: Y
A44: Enakhra's Lament | B44: =TRUE() -> 1 | C44: N | E44: Enakhra's Lament | F44: =TRUE() -> 1 | G44: N
A45: Enlightened Journey | B45: =TRUE() -> 1 | C45: Y | E45: Enlightened Journey | F45: =TRUE() -> 1 | G45: Y
A46: Ernest the Chicken | B46: =TRUE() -> 1 | C46: Y | E46: Ernest the Chicken | F46: =TRUE() -> 1 | G46: Y
A47: Ethically Acquired Antiquities | B47: =TRUE() -> 1 | C47: Y | E47: Ethically Acquired Antiquities | F47: =TRUE() -> 1 | G47: Y
A48: Eyes of Glouphrie, The | B48: =TRUE() -> 1 | C48: N | E48: Eyes of Glouphrie, The | F48: =FALSE() -> 0 | G48: N
A49: Fairytale I | B49: =TRUE() -> 1 | C49: Y | E49: Fairytale I | F49: =TRUE() -> 1 | G49: Y
A50: Fairytale II | B50: =FALSE() -> 0 | C50: N | E50: Fairytale II | F50: =FALSE() -> 0 | G50: N
A51: Family Crest | B51: =TRUE() -> 1 | C51: Y | E51: Family Crest | F51: =TRUE() -> 1 | G51: Y
A52: Feud, The | B52: =TRUE() -> 1 | C52: Y | E52: Feud, The | F52: =TRUE() -> 1 | G52: Y
A53: Fight Arena | B53: =TRUE() -> 1 | C53: Y | E53: Fight Arena | F53: =TRUE() -> 1 | G53: Y
A54: Final Dawn, The | B54: =FALSE() -> 0 | C54: N | E54: Final Dawn, The | F54: =FALSE() -> 0 | G54: N
A55: Fishing Contest | B55: =TRUE() -> 1 | C55: Y | E55: Fishing Contest | F55: =TRUE() -> 1 | G55: Y
A56: Forgettable Tale of a Drunken Dwarf | B56: =FALSE() -> 0 | C56: N | E56: Forgettable Tale of a Drunken Dwarf | F56: =TRUE() -> 1 | G56: N
A57: forsaken Tower, The | B57: =TRUE() -> 1 | C57: Y | E57: forsaken Tower, The | F57: =TRUE() -> 1 | G57: Y
A58: Fremennik Exiles, The | B58: =FALSE() -> 0 | C58: N | E58: Fremennik Exiles, The | F58: =FALSE() -> 0 | G58: N
A59: Fremennik Isles, The | B59: =TRUE() -> 1 | C59: N | E59: Fremennik Isles, The | F59: =TRUE() -> 1 | G59: N
A60: Fremennik Trials, The | B60: =TRUE() -> 1 | C60: Y | E60: Fremennik Trials, The | F60: =TRUE() -> 1 | G60: Y
A61: Garden of Death, The | B61: =TRUE() -> 1 | C61: Y | E61: Garden of Death, The | F61: =TRUE() -> 1 | G61: Y
A62: Garden of Tranquillity | B62: =TRUE() -> 1 | C62: N | E62: Garden of Tranquillity | F62: =TRUE() -> 1 | G62: N
A63: Gertrude's Cat | B63: =TRUE() -> 1 | C63: Y | E63: Gertrude's Cat | F63: =TRUE() -> 1 | G63: Y
A64: Getting Ahead | B64: =TRUE() -> 1 | C64: Y | E64: Getting Ahead | F64: =TRUE() -> 1 | G64: Y
A65: Ghosts Ahoy | B65: =TRUE() -> 1 | C65: Y | E65: Ghosts Ahoy | F65: =TRUE() -> 1 | G65: Y
A66: Giant Dwarf, The | B66: =TRUE() -> 1 | C66: N | E66: Giant Dwarf, The | F66: =TRUE() -> 1 | G66: N
A67: Goblin Diplomacy | B67: =TRUE() -> 1 | C67: Y | E67: Goblin Diplomacy | F67: =TRUE() -> 1 | G67: Y
A68: Golem, The | B68: =TRUE() -> 1 | C68: N | E68: Golem, The | F68: =TRUE() -> 1 | G68: N
A69: Grand Tree, The | B69: =TRUE() -> 1 | C69: Y | E69: Grand Tree, The | F69: =TRUE() -> 1 | G69: Y
A70: Great Brain Robbery, The | B70: =TRUE() -> 1 | C70: Y | E70: Great Brain Robbery, The | F70: =TRUE() -> 1 | G70: Y
A71: Grim tales | B71: =FALSE() -> 0 | C71: N | E71: Grim tales | F71: =FALSE() -> 0 | G71: N
A72: Hand in the Sand, The | B72: =TRUE() -> 1 | C72: N | E72: Hand in the Sand, The | F72: =TRUE() -> 1 | G72: N
A73: Haunted Mine | B73: =TRUE() -> 1 | C73: Y | E73: Haunted Mine | F73: =TRUE() -> 1 | G73: Y
A74: Hazeel Cult | B74: =TRUE() -> 1 | C74: Y | E74: Hazeel Cult | F74: =TRUE() -> 1 | G74: Y
A75: Heart Of Darkness, The | B75: =FALSE() -> 0 | C75: N | E75: Heart Of Darkness, The | F75: =FALSE() -> 0 | G75: N
A76: Heroes Quest | B76: =TRUE() -> 1 | C76: Y | E76: Heroes Quest | F76: =FALSE() -> 0 | G76: Y
A77: Holy Grail | B77: =TRUE() -> 1 | C77: Y | E77: Holy Grail | F77: =FALSE() -> 0 | G77: Y
A78: Horror from the Deep | B78: =TRUE() -> 1 | C78: Y | E78: Horror from the Deep | F78: =TRUE() -> 1 | G78: Y
A79: Icthlarin's Little Helper | B79: =TRUE() -> 1 | C79: Y | E79: Icthlarin's Little Helper | F79: =TRUE() -> 1 | G79: Y
A80: Imp Catcher | B80: =TRUE() -> 1 | C80: Y | E80: Imp Catcher | F80: =TRUE() -> 1 | G80: Y
A81: In Aid of the Myreque | B81: =TRUE() -> 1 | C81: N | E81: In Aid of the Myreque | F81: =TRUE() -> 1 | G81: N
A82: In Search of the Myreque | B82: =TRUE() -> 1 | C82: Y | E82: In Search of the Myreque | F82: =TRUE() -> 1 | G82: Y
A83: Jungle Potion | B83: =TRUE() -> 1 | C83: Y | E83: Jungle Potion | F83: =FALSE() -> 0 | G83: Y
A84: King's Ransom | B84: =TRUE() -> 1 | C84: Y | E84: King's Ransom | F84: =FALSE() -> 0 | G84: Y
A85: Kingdom Divided, A | B85: =FALSE() -> 0 | C85: N | E85: Kingdom Divided, A | F85: =FALSE() -> 0 | G85: N
A86: Knight's Sword, The | B86: =TRUE() -> 1 | C86: Y | E86: Knight's Sword, The | F86: =TRUE() -> 1 | G86: Y
A87: Land of the Goblins | B87: =FALSE() -> 0 | C87: N | E87: Land of the Goblins | F87: =FALSE() -> 0 | G87: N
A88: Legends Quest | B88: =FALSE() -> 0 | C88: N | E88: Legends Quest | F88: =FALSE() -> 0 | G88: N
A89: Lost City | B89: =TRUE() -> 1 | C89: Y | E89: Lost City | F89: =TRUE() -> 1 | G89: Y
A90: Lost Tribe, The | B90: =TRUE() -> 1 | C90: N | E90: Lost Tribe, The | F90: =TRUE() -> 1 | G90: N
A91: Lunar Diplomacy | B91: =FALSE() -> 0 | C91: N | E91: Lunar Diplomacy | F91: =FALSE() -> 0 | G91: N
A92: Making Friends with My Arm | B92: =FALSE() -> 0 | C92: N | E92: Making Friends with My Arm | F92: =FALSE() -> 0 | G92: N
A93: Making History | B93: =TRUE() -> 1 | C93: Y | E93: Making History | F93: =TRUE() -> 1 | G93: Y
A94: Meat and Greet | B94: =TRUE() -> 1 | C94: Y | E94: Meat and Greet | F94: =TRUE() -> 1 | G94: Y
A95: Merlin's Crystal | B95: =TRUE() -> 1 | C95: Y | E95: Merlin's Crystal | F95: =TRUE() -> 1 | G95: Y
A96: Misthalin Mystery | B96: =TRUE() -> 1 | C96: Y | E96: Misthalin Mystery | F96: =TRUE() -> 1 | G96: Y
A97: Monk's Friend | B97: =TRUE() -> 1 | C97: Y | E97: Monk's Friend | F97: =TRUE() -> 1 | G97: Y
A98: Monkey Madness | B98: =TRUE() -> 1 | C98: Y | E98: Monkey Madness | F98: =FALSE() -> 0 | G98: Y
A99: Monkey Madness II | B99: =FALSE() -> 0 | C99: N | E99: Monkey Madness II | F99: =FALSE() -> 0 | G99: N
A100: Mountain Daughter | B100: =TRUE() -> 1 | C100: N | E100: Mountain Daughter | F100: =TRUE() -> 1 | G100: N
...
